CustomerKey,FirstName,LastName,EmailAddress,City,StateProvinceName,Country,DateFirstPurchase
14335,Allison,Cox,allison9@adventure-works.com,Walla Walla,Washington,United States,2012-06-30
15094,Wendy,Ortega,wendy20@adventure-works.com,Paris,Seine (Paris),France,2012-06-30
15491,Shannon,Li,shannon3@adventure-works.com,Clearwater,Florida,United States,2012-06-30
15493,Eric,Chen,eric33@adventure-works.com,Lebanon,Oregon,United States,2012-06-30
16538,Stacey,Liang,stacey18@adventure-works.com,Frankfurt am Main,Hamburg,Germany,2012-06-30
23332,Martin,Garcia,martin19@adventure-works.com,Caloundra,Queensland,Australia,2012-06-30
24923,Ebony,Sara,ebony10@adventure-works.com,North Sydney,New South Wales,Australia,2012-06-30
26708,Katherine,Washington,katherine39@adventure-works.com,Chula Vista,California,United States,2012-06-30
